uid,title,description,url,audio_url,collection,vendor,vendor_identifier,notes
000314_TonyHendra_FatherJoe_POD.mp3,Father Joe,Tony Hendra,,https://themoth.box.com/s/c63og7z55kdrwa2px8qbrea8posfn3y5,audio-library-for-web,pop_up_archive,50228,
000328_JoyceMaynard_BigHouse_MRH1307.mp3,Big House,Joyce Maynard,,https://themoth.box.com/s/9qmo20cjnlh4df9hesnxefvwk83plfrc,audio-library-for-web,pop_up_archive,50229,
000425_SheriHolman_BetweenTheLines_MRH1420.mp3,Between The Lines,Sheri Holman,,https://themoth.box.com/s/z32f30wzc0sdtp8iicjpq1ufu8v92uke,audio-library-for-web,pop_up_archive,50230,
000425_WandaBullard_TheSmallTownPrisoner_MRH1005.mp3,The Small Town Prisoner,Wanda Bullard,,https://themoth.box.com/s/5l9oc71hw9tgt601sgbx2evip8lvadhv,audio-library-for-web,pop_up_archive,50231,
000628_TedConover_SingSingTattoo_MRH1103.mp3,Sing Sing Tattoo,Ted Conover,,https://themoth.box.com/s/bcttfko2u67hzgmsd50ksw2nvfc5szyf,audio-library-for-web,pop_up_archive,50232,
000927_NancyFinton_INeverSawHisFace_MRH1504.mp3,I Never Saw His Face,Nancy Finton,,https://themoth.box.com/s/hgdileej1dixenxnoaskqndl7feoxgus,audio-library-for-web,pop_up_archive,50233,
010501_ChuckMcDew_WhyTheOthersDied_MRH1420.mp3,Why The Other's Died,Chuck McDew,,https://themoth.box.com/s/2wnrnlkg9he3b1erdmyxyrsozdotx8z7,audio-library-for-web,pop_up_archive,50234,
010605_AndrewSolomon_TheRefugees_MRH1404.mp3,The Refugees,Andrew Solomon,,https://themoth.box.com/s/12yhiacs9ei4xpo5e4wcj6guct6e0spa,audio-library-for-web,pop_up_archive,50235,
010605_LaurenSlater_FireTestForLove_POD.mp3,Fire Test For Love,Lauren Slater,,https://themoth.box.com/s/ybxlbg91pq0izjistfz79aljlu3dhld5,audio-library-for-web,pop_up_archive,50236,
010605_LeeStringer_HigherPowers_POD.mp3,Higher Powers,Lee Stringer,,https://themoth.box.com/s/8m5w6iexz5rmxzw66oby4kn147hdk5t9,audio-library-for-web,pop_up_archive,50238,
010605_MarthaManning_WhatCantBeFixed_MRH1304.mp3,What Can't Be Fixed,Martha Manning,,https://themoth.box.com/s/yupig0oyevsriclcc7bnxp70neyao2y0,audio-library-for-web,pop_up_archive,50239,
010626_CarolineKaplan_MoxieInCannes_POD.mp3,Moxie In Cannes,Caroline Kaplan,,https://themoth.box.com/s/5q43se4w6k75d6fuunwi2gup3q59w8zb,audio-library-for-web,pop_up_archive,50240,
011024_MarkKatz_PresidentClintonAndAnEggTimer_MRH1325.mp3,President Clinton And An Egg Timer,Mark Katz,,https://themoth.box.com/s/eerlf705xesv0s3vms92nmtk1n3fp4s9,audio-library-for-web,pop_up_archive,50242,
011102_BokaraLegendre_MummyWasAWildGameHunter_MRH1010.mp3,Mummy Was A Wild Game Hunter,Bokara Legendre,,https://themoth.box.com/s/yhu29jl3lio7et7ceptm5k3ij7gr2x53,audio-library-for-web,pop_up_archive,50241,
011102_SevanneKassarjianMartin_BedtimeInIran_POD.mp3,Bedtime In Iran,Sevanne Kassarjian Martin,,https://themoth.box.com/s/emitgpry9utqj6az0s2zqfdzg2s0py2l,audio-library-for-web,pop_up_archive,50243,
020220_AndreGregory_TheFirstTime_POD372.mp3,The First Time,Andre Gregory,,https://themoth.box.com/s/2ux5mlz6mlcegnbuhjpz09j0poejc4x6,audio-library-for-web,pop_up_archive,50244,
020414_DinaPearlman_30DaysOffCrackAndCute_POD.mp3,30 Days Off Crack And Cute,Dina Pearlman,,https://themoth.box.com/s/zd7v7ckrrlhtct8puywv96563pqtvogs,audio-library-for-web,pop_up_archive,50245,
020414_JoeJackson_TheAdmiralDrake_POD.mp3,The Admiral Drake,Joe Jackson,,https://themoth.box.com/s/cr9pzu0e9yu3cmgbdfdpsanrgoapl1ne,audio-library-for-web,pop_up_archive,50246,
020414_KimyaDawson_MariahAndTheHauntedForest_POD.mp3,Mariah And The Haunted Forest,Kimya Dawson,,https://themoth.box.com/s/tbh179tpy9m01kh3xrd2tdcftgxglh3u,audio-library-for-web,pop_up_archive,50247,
020414_SuzanneVega_StageFright_MRH1310.mp3,Stage Fright,Suzanne Vega,,https://themoth.box.com/s/g7iqd58ya2qf4ze1u1fpa9bwihelxh2x,audio-library-for-web,pop_up_archive,50249,
020414_ThomasDolby_NeverNeverLand.mp3,Never Never Land,Thomas Dolby,,https://themoth.box.com/s/6kjs0eubf5k93v33fk5csqexpk0nuo8i,audio-library-for-web,pop_up_archive,50250,
020423_DinaPearlman_StorySLAMFavorites_POD276.mp3,StorySLAM Favorites,Dina Pearlman,,https://themoth.box.com/s/cnecs2ercrqb04fp5z4ytgpe4ex9y8gn,audio-library-for-web,pop_up_archive,50251,
020519_AvaKayJones_TheVoodooPriestessOfFootball_MRH1322.mp3,The Voodoo Priestess Of Football,Ava Kay Jones,,https://themoth.box.com/s/ox2xmserpelj1i8q2ykyfrwav74xv3qa,audio-library-for-web,pop_up_archive,50252,
020630_MegWolitzer_FirstLoveLongIslandCA1975_POD.mp3,"First Love Long Island, CA 1975",Meg Wolitzer,,https://themoth.box.com/s/lts3aoga47ghosygaafgnhonmjuacifl,audio-library-for-web,pop_up_archive,50253,
021022_JoyceMaynard_SomethingIsABreast_POD.mp3,Something Is A Breast,Joyce Maynard,,https://themoth.box.com/s/vvpq2cplmp19yhnl2wx23sytydj4couc,audio-library-for-web,pop_up_archive,50254,
021023_BobZellner_PoitierAndBrandoMississippi1964_POD.mp3,"Poitier And Brando, Mississippi 1964",Bob Zellner,,https://themoth.box.com/s/wdvrbc2gih3tp7plhbqgdao6xfyq2lzw,audio-library-for-web,pop_up_archive,50255,
021023_MarvinGelfand_LibertyCard_POD.mp3,Liberty Card,Marvin Gelfand,,https://themoth.box.com/s/5qex1f9xg4mxoh82rc26r1oqkjpv04qr,audio-library-for-web,pop_up_archive,50256,
021208_TamaraJenkins_Aloha_MRH1325.mp3,Aloha,Tamara Jenkins,,https://themoth.box.com/s/tga6onvebk6gpfk58olpbz18evst0882,audio-library-for-web,pop_up_archive,50257,
030128_EthanHawke_OdeToStepfather_POD348.mp3,Ode To Stepfather,Ethan Hawke,,https://themoth.box.com/s/dgpfdjb52u08k0f57q3ny2onsdcdv2ou,audio-library-for-web,pop_up_archive,50258,
030128_JessiKlein_BreakingUpInTheAgeOfGoogle_POD.mp3,Breaking Up In The Age Of Google,Jessi Klein,,https://themoth.box.com/s/tav25lfc55bh2p7fs6vqhzuckz05pkhj,audio-library-for-web,pop_up_archive,50259,
030223_JefferyRudell_TheUndertakersDaughter_POD.mp3,The Undertaker's Daughter,Jeffery Rudell,,https://themoth.box.com/s/5w4j5f178elnps1wjbfh2dbwcphw8ljk,audio-library-for-web,pop_up_archive,50260,
030228_AnthonyGriffith_TheBestOfTimesTheWorstOfTimes_MRH901.mp3,"The Best Of Times, The Worst Of Times",Anthony Griffith,,https://themoth.box.com/s/bpf8e3vb4z1ewhc3h0retpnoku6c95m8,audio-library-for-web,pop_up_archive,50261,
030228_BillBurr_ADollsHouse_POD.mp3,A Doll's House,Bill Burr,,https://themoth.box.com/s/nnfgqdx0oiw0v3awos45ao82ynl7qx6y,audio-library-for-web,pop_up_archive,50262,
030620_ShermanPowell_PickpocketSchool_MRH1001.mp3,Pickpocket School,Sherman Powell,,https://themoth.box.com/s/b4uvpfvs4crzhv0ejmz9uqacvzsycpcm,audio-library-for-web,pop_up_archive,50263,
030620_PatriciaZimmerman_MyJourney_POD.mp3,My Journey,Patricia Zimmerman,,https://themoth.box.com/s/ng541ysvj55p7c8irmqmrc365hy0101v,audio-library-for-web,pop_up_archive,50264,
030915_MatthewMcGough_MyFirstDayAtTheYankees_MRH901.mp3,My First Day At The Yankees,Matthew McGough,,https://themoth.box.com/s/3yacc98ryxqqvzz7q0ktivgb7uklb3lp,audio-library-for-web,pop_up_archive,50265,
031022_DaveMowers_BurningOfAtlanta_POD.mp3,Burning Of Atlanta,Dave Mowers,,https://themoth.box.com/s/t3o4mjj6o5jbgp706jc1darq9pc8npzi,audio-library-for-web,pop_up_archive,50266,
031022_JeniferHixson_WhereTheresSmoke_MRH1007.mp3,Where There's Smoke,Jenifer Hixson,,https://themoth.box.com/s/lcd8p62l8g66etdo5m7ukyl880ia61u0,audio-library-for-web,pop_up_archive,50267,
031022_JonathanSantlofer_IveAlwaysBeenLucky_POD.mp3,I've Always Been Lucky,Jonathan Santlofer,,https://themoth.box.com/s/1hctwq3bc498vdbwone3igyay72er,audio-library-for-web,pop_up_archive,50268,
031022_KathyRussellRich_WhatGoesUp_MRH1407.mp3,What Goes Up,Kathy Russell Rich,,https://themoth.box.com/s/j3x54s9ukgha3udl92rkf72v9bq0bov0,audio-library-for-web,pop_up_archive,50382,
031022_LeonardLopate_TheRocketsRedGlare_POD.mp3,The Rocket's Red Glare,Leonard Lopate,,https://themoth.box.com/s/jl9iszp3w9gtpl7manb5ddcfyw56panh,audio-library-for-web,pop_up_archive,50383,
031217_BrianFinkelstein_JewishBloodIrishHeart_POD.mp3,"Jewish Blood, Irish Heart",Brian Finkelstein,,https://themoth.box.com/s/8rdag3borbcxpy5r0qow9l251zwa58fd,audio-library-for-web,pop_up_archive,50384,
031217_DanyelSmith_Foxy_MRH1502.mp3,Foxy,Danyel Smith,,https://themoth.box.com/s/ok1t24ao5yomvdvh34fpr8gynqvd0b9m,audio-library-for-web,pop_up_archive,50385,
031217_TomWeiser_AlternateIthacaTom_MRH1002.mp3,Alternate Ithaca Tom,Tom Weiser,,https://themoth.box.com/s/vq5bj4woet4vqpwdttn6d5rnvja7zh25,audio-library-for-web,pop_up_archive,50386,
040407_JamesBraly_GutInstinct_POD.mp3,Gut Instinct,James Braly,,https://themoth.box.com/s/30h1zw5blykl93kpyyzbh8eppma6gm68,audio-library-for-web,pop_up_archive,50387,
040407_SandiCarroll_IWasASpyInChinatown_POD.mp3,I Was A Spy In Chinatown,Sandi Carroll,,https://themoth.box.com/s/p5xum79ostjjih7l2d3dwg4rb8gfo0al,audio-library-for-web,pop_up_archive,50388,
040416_NathanielEaton_SurvivingMySurvivorAudition_POD.mp3,Surviving My Survivor Audition,Nathaniel Eaton,,https://themoth.box.com/s/abrup6zfewu1oqoit32n2gf8lr1vblwl,audio-library-for-web,pop_up_archive,50390,
040509_BlissBroyard_AshesInTheCloset_POD.mp3,Ashes In The Closet,Bliss Broyard,,https://themoth.box.com/s/4bfs4p66nj5ssbc5ll193ggmkua0xffj,audio-library-for-web,pop_up_archive,50389,
040519_BrianFinkelstein_HowIEarnedMyBitterBadge_MRH1004.mp3,How I Earned My Bitter Badge,Brian Finkelstein,,https://themoth.box.com/s/64tgyz8otgz963yn7lxbtr2u41sfb0ur,audio-library-for-web,pop_up_archive,50391,
040524_ColinQuinn_Toast_MRH1006.mp3,Toast,Colin Quinn,,https://themoth.box.com/s/zrazuqlhcafaxto6938xaapjm1ny5n5o,audio-library-for-web,pop_up_archive,50392,
040616_MuratGunel_TheArtOfMedicine_POD.mp3,The Art Of Medicine,Murat Gunel,,https://themoth.box.com/s/c6ounzs9vgxfaboy9k22e1yfbf371uqy,audio-library-for-web,pop_up_archive,50393,
041213_TeriGarr_WakeUpCall_POD.mp3,Wake Up Call,Teri Garr,,https://themoth.box.com/s/242rwuiif6arj1n8y1jky8mzskmk33vv,audio-library-for-web,pop_up_archive,50394,
050131_JamesBraly_SexOnIce_POD272.mp3,Sex On Ice,James Braly,,https://themoth.box.com/s/hipt4stalwijm7ya4qg6bbp701s84n63,audio-library-for-web,pop_up_archive,50395,
050210_AndyBorowitz_JustTheFacts_POD.mp3,Just The Facts,Andy Borowitz,,https://themoth.box.com/s/ujl39rpp110f8udo4mjfgtkqumrd7rai,audio-library-for-web,pop_up_archive,50396,
050212_GregBehrendt_ShesJustNotThatIntoMe_POD.mp3,She's Just Not That Into Me,Greg Behrendt,,https://themoth.box.com/s/i4c6fsm5grxcu3jrpwi3phskthbqef01,audio-library-for-web,pop_up_archive,50397,
050212_JoeLockhart_ImpeachmentDay_POD.mp3,Impeachment Day,Joe Lockhart,,https://themoth.box.com/s/hn6tvl2lkub5yucorm7pmlu8p3ng6e31,audio-library-for-web,pop_up_archive,50398,
050424_FrankDamico_FirstKill_POD.mp3,First Kill,Frank Damico,,https://themoth.box.com/s/ase09jkhivkwz51bczho6bl59v1tm544,audio-library-for-web,pop_up_archive,50399,
050517_JamesBraly_ThePlacentaMonologue_POD.mp3,The Placenta Monologue,James Braly,,https://themoth.box.com/s/livyx6v2llerof5znrqqoh969eeosduk,audio-library-for-web,pop_up_archive,50400,
051011_BorisTimanovsky_AGravePredicament_POD.mp3,A Grave Predicament,Boris Timanovsky,,https://themoth.box.com/s/h23b0fljubi61e8tb0cph3r2yrcm65d7,audio-library-for-web,pop_up_archive,50401,
051213_JoyceMaynard_LoveIsTheBestArtOfAll_MRH1317.mp3,Love Is The Best Art Of All,Joyce Maynard,,https://themoth.box.com/s/sl7u6eiv5witx17uremqow39u6oatup4,audio-library-for-web,pop_up_archive,50402,
060117_EricKonigsberg_CryingUncle_POD.mp3,Crying Uncle,Eric Konigsberg,,https://themoth.box.com/s/w99h833ielns261j5rkh1ibsjb36c00a,audio-library-for-web,pop_up_archive,50403,
060125_EdgarOliver_TheApronStringsOfSavannah_MRH1103.mp3,The Apron Strings Of Savannah,Edgar Oliver,,https://themoth.box.com/s/287x91mz9txa4w7epvfuvdbm036mt4cr,audio-library-for-web,pop_up_archive,50404,
060125_JamesBraly_OneLastFamilyPhoto_MRH1323.mp3,One Last Family Photo,James Braly,,https://themoth.box.com/s/dicyuu9tulekjcrevxk141r4wz8ezxz2,audio-library-for-web,pop_up_archive,50405,
060222_BarryGibbs_Exonerated_POD.mp3,Exonerated,Barry Gibbs,,https://themoth.box.com/s/0i8kqa80prbyapoa01j9hegntfwvyhxp,audio-library-for-web,pop_up_archive,50406,
060222_LizTuccillo_UnpopularInJail_POD.mp3,Unpopular In Jail,Liz Tuccillo,,https://themoth.box.com/s/uc15dkx8p6moiucv299r2diakoi9dq96,audio-library-for-web,pop_up_archive,50407,
060222_SteveOsborne_WalkLikeACopTalkLikeACop_POD.mp3,"Walk Like A Cop, Talk Like A Cop",Steve Osborne,,https://themoth.box.com/s/ysldqk1s7kx1p6rpky5x0uny6w6p0p8h,audio-library-for-web,pop_up_archive,50408,
060419_JackHitt_Slumlord_POD.mp3,Slumlord,Jack Hitt,,https://themoth.box.com/s/9rn04dxvd1cihd8cztc6nhptlvv8zyb9,audio-library-for-web,pop_up_archive,50409,
060503_MarvinGelfand_Anger_POD.mp3,Anger,Marvin Gelfand,,https://themoth.box.com/s/4yykls3p95x86dacnlif02x5mtlghnwx,audio-library-for-web,pop_up_archive,50410,
060503_RandyCohen_CockerspanielOfTheJews_POD.mp3,Cockerspaniel Of The Jews,Randy Cohen,,https://themoth.box.com/s/scqt6okhju707zvtzlj4kd1imbp73jx5,audio-library-for-web,pop_up_archive,50411,
060503_ToddHanson_Sloth_POD.mp3,Sloth,Todd Hanson,,https://themoth.box.com/s/5w8pcvdcozq5f0hwi8265rk9lqa6xntb,audio-library-for-web,pop_up_archive,50412,
060607_BorisTimanovksy_AGravePredicament_MRH1516.mp3,A Grave Predicament,Boris Timanovksy,,https://themoth.box.com/s/5w5676kdrmi4elbroha5gh076d4slg9g,audio-library-for-web,pop_up_archive,50413,
060621_AndyChristie_WellHaveToStopNow_MRH1322.mp3,Well Have To Stop Now,Andy Christie,,https://themoth.box.com/s/fsw2m9bhs8czjdj9jct5vwxubkytofuj,audio-library-for-web,pop_up_archive,50414,
060621_JonLevin_ElevatorER_MRH1010.mp3,Elevator ER,Jon Levin,,https://themoth.box.com/s/kgrm16kf4nfol9zhbv161cxjhyyz3tl8,audio-library-for-web,pop_up_archive,50415,
060912_DinaPearlman_FunnyThatWay_POD.mp3,Funny That Way,Dina Pearlman,,https://themoth.box.com/s/yoi7cn7jkst02vb817xaorf8k5acw926,audio-library-for-web,pop_up_archive,50416,
060920_SimonDoonan_FearOfSquat_POD.mp3,Fear Of Squat,Simon Doonan,,https://themoth.box.com/s/09f9uegx3bkc9pz2qqh2weio25gbz9xu,audio-library-for-web,pop_up_archive,50417,
060920_TimGunn_Underpacked_MRH1602.mp3,Underpacked,Tim Gunn,,https://themoth.box.com/s/2syreiqyv71gpq1n62ef5br8bwindkpk,audio-library-for-web,pop_up_archive,50418,
061012_CindyChupack_TilDeathOrHomosexualityDoUsPart_MRH1105.mp3,Til Death Or Homosexuality Do Us Part,Cindy Chupack,,https://themoth.box.com/s/feo2g8b3r80cs12mogspvwin5ax7xdh6,audio-library-for-web,pop_up_archive,50419,
061015_DanSavage_NotThatKindOfGay_POD.mp3,Not That Kind Of Gay,Dan Savage,,https://themoth.box.com/s/n5pskyry96csm0p7tnujq1v0uwampwd0,audio-library-for-web,pop_up_archive,50420,
061101_AdamWade_Development_POD.mp3,Development,Adam Wade,,https://themoth.box.com/s/lj69hb7fdyqudpgz7b48rkscs5obghi4,audio-library-for-web,pop_up_archive,50425,
061203_ToddHanson_TheTriumphOfApathy_POD.mp3,The Triumph Of Apathy,Todd Hanson,,https://themoth.box.com/s/80fx81rbegb4cbrelt5qpj85gnjkn9nv,audio-library-for-web,pop_up_archive,50426,
061213_SteveOsborne_TheTest_MRH1507.mp3,The Test,Steve Osborne,,https://themoth.box.com/s/fiwtagodni678x8pxatkrd5btjy003nr,audio-library-for-web,pop_up_archive,50429,
070123_TerenceMickey_OneFamilysGarbage_POD.mp3,One Family's Garbage,Terence Mickey,,https://themoth.box.com/s/s5nd5xe47fj21zcgokfywg9m6sqhu8ub,audio-library-for-web,pop_up_archive,50430,
070303_MikeDestefano_FrannysLastRide_MRH1003.mp3,Franny's Last Ride,Mike Destefano,,https://themoth.box.com/s/istqfy3p2o1iv2jx37mw3wa78ptioae8,audio-library-for-web,pop_up_archive,50432,
070413_DarrylMcDaniels_Angel_MRH1003.mp3,Angel,Darryl Mc Daniels,,https://themoth.box.com/s/87e3lrl51hns26h6rzzczosvjhy42uul,audio-library-for-web,pop_up_archive,50433,
070423_JoeLimone_TheMagicNail_MRH1320.mp3,The Magic Nail,Joe Limone,,https://themoth.box.com/s/em3ga9k5qfx1kiys7jrwfv47bfvxn77l,audio-library-for-web,pop_up_archive,50434,
070426_NeilGaiman_LiverpoolStreet_POD.mp3,Liverpool Street,Neil Gaiman,,https://themoth.box.com/s/sg4mweto4p3ylbuzkpc9bbkjpy65egci,audio-library-for-web,pop_up_archive,50435,
070515_DavidDickerson_AFlashOfHope_POD.mp3,A Flash Of Hope,David Dickerson,,https://themoth.box.com/s/gphouv7ugit90ewskiuyrans9bnui6pv,audio-library-for-web,pop_up_archive,50437,
070901_DanKennedy_IAmPaidToWirteLoveNotesToPhilCollins_POD.mp3,I Am Paid To Wirte Love Notes To Phil Collins,Dan Kennedy,,https://themoth.box.com/s/g5oh401tyzv81ra6pgkcf4uem9m1km30,audio-library-for-web,pop_up_archive,50438,
071012_JoshSwiller_WhatILostInAfrica_POD.mp3,What I Lost In Africa,Josh Swiller,,https://themoth.box.com/s/gz7fwlin9xzgdtpa8nt2tbesi5m2m6f3,audio-library-for-web,pop_up_archive,50439,
071012_OphiraEisenberg_TheAccident_MRH1104.mp3,The Accident,Ophira Eisenberg,,https://themoth.box.com/s/lwesysj7mqhp3xl4ctblk0slnthui5vx,audio-library-for-web,pop_up_archive,50449,
071112_GarrisonKeillor_LessonsInSwimming_POD.mp3,Lessons In Swimming,Garrison Keillor,,https://themoth.box.com/s/tb8kfredwilk2q6lyb419qhaatrbyd0g,audio-library-for-web,pop_up_archive,50450,
071113_ElnaBaker_TheFunnyOne_POD.mp3,The Funny One,Elna Baker,,https://themoth.box.com/s/ih62dweld0qpj5aio7gdy0kk41eub9ds,audio-library-for-web,pop_up_archive,50451,
071204_SteveOsborne_TheStakeout_MRH1002.mp3,The Stakeout,Steve Osborne,,https://themoth.box.com/s/xi468i7l47zi9elcjcyjmdmyu0dvt35t,audio-library-for-web,pop_up_archive,50452,
071211_SteveZimmer_StarsRocketsAndMoons_MRH1324.mp3,"Stars, Rockets, And Moons",Steve Zimmer,,https://themoth.box.com/s/2tl67e7pif220fvumn8na8db5ah2rvzu,audio-library-for-web,pop_up_archive,50453,
071214_TomZiegler_BronxBurning_MRH1004.mp3,Bronx Burning,Tom Ziegler,,https://themoth.box.com/s/l1dhjuukol4s29y411894gnmw0u0vjya,audio-library-for-web,pop_up_archive,50454,
080108_EdGavagan_GolfClubbing_MRH901.mp3,Golf Clubbing,Ed Gavagan,,https://themoth.box.com/s/z438weq4h4v16vv3stb4zyn3ks9h3ieo,audio-library-for-web,pop_up_archive,50455,
080122_BokaraLegendre_TheMagicBus_POD.mp3,The Magic Bus,Bokara Legendre,,https://themoth.box.com/s/w44f79q197wflgo3a0d96w7a4gaygw6r,audio-library-for-web,pop_up_archive,50457,
080122_RichardPrice_Bicycle SafetyOnEssex_MRH1005.mp3,Bicycle Safety On Essex,Richard Price,,https://themoth.box.com/s/9b37d4zl6p0wfu50oz2ij85ciwzxnali,audio-library-for-web,pop_up_archive,50458,
080223_PaulCarter_MeAndJoe_MRH1408.mp3,Me And Joe,Paul Carter,,https://themoth.box.com/s/sh68qegeswi5m92q21h5jwuebbwc,audio-library-for-web,pop_up_archive,50459,
130514_AdamGopnik_ThePietiesOfPersperation_MRH1407.mp3,The Pieties Of Persperation,Adam Gopnik,,https://themoth.box.com/s/7riwdowgc1wg1bstrk956afuz66a4f97,audio-library-for-web,pop_up_archive,50874,
130516_KimWatsonBrooks_TheTelephoneCall_MRH1404.mp3,The Telephone Call,Kim Watson Brooks,,https://themoth.box.com/s/5ob6iycfecbjoh6ptskaynlrfuwshwx3,audio-library-for-web,pop_up_archive,50875,
130520_CharlesFatone_JustOneDrink_MRH1402.mp3,Just One Drink,Charles Fatone,,https://themoth.box.com/s/ifg349koj4rjzetvfovtol6skliegnf1,audio-library-for-web,pop_up_archive,50876,
130520_LydiaVelez_Fearless_MRH1403.mp3,Fearless,Lydia Velez,,https://themoth.box.com/s/13pl4bhep3gxazq14wf145tsme8yt30z,audio-library-for-web,pop_up_archive,50877,
130521_MatthewDicks_FreeLunch_POD350.mp3,Free Lunch,Matthew Dicks,,https://themoth.box.com/s/7xgnk16h8q3fj8qxu9d8jfqhny9ewdzs,audio-library-for-web,pop_up_archive,50878,
130522_ShannonCason_ItsLikeBorrowing_MRH1415.mp3,It's Like Borrowing,Shannon Cason,,https://themoth.box.com/s/zjga3dx207kxsc6u9oq9u7pqj4xkz5vi,audio-library-for-web,pop_up_archive,50879,
130528_AlanaKinarsky_SnowWhiteInAFurCoat_MRH1515.mp3,Snow White In A Fur Coat,Alana Kinarsky,,https://themoth.box.com/s/ufff5x9w36gffw40kz5ghpz82ckanc2c,audio-library-for-web,pop_up_archive,50880,
130528_BrianBabylon_SummerJob_HostStoryChicagoBusted_POD398.mp3,Summer Job,Brian Babylon,,https://themoth.box.com/s/p1m8txaj0sduuaqk0ya08ulfwdawcs7f,audio-library-for-web,pop_up_archive,50881,
130529_EveEngel_FirstKiss_MRH1410.mp3,First Kiss,Eve Engel,,https://themoth.box.com/s/0ay8cr932f2q2kuprisxfxvv72hf5pk6,audio-library-for-web,pop_up_archive,50883,
130601_ChristofKoch_GodDeathAndFrancisCrick_MRH1415.mp3,God Death And Francis Crick,Christof Koch,,https://themoth.box.com/s/cnnxc6ogiwgnemsn3h7fmp3qkelcdzwu,audio-library-for-web,pop_up_archive,50884,
130601_RichardMatthew_RiskInPerspective_MRH1513.mp3,Risk In Perspective,Richard Matthew,,https://themoth.box.com/s/peicor1vrudtvle7nw93flqillxrve9i,audio-library-for-web,pop_up_archive,50885,
130606_FrederickHauck_ReflectionsFromSpace_MRH1501.mp3,Reflections From Space,Frederick Hauck,,https://themoth.box.com/s/affbmah2hlq31rjgnpmwjqy0k1jfhhh4,audio-library-for-web,pop_up_archive,50886,
130606_MelissaColeman_DreamHome_MRH1501.mp3,Dream Home,Melissa Coleman,,https://themoth.box.com/s/7xp2h8kwxbkxypm30u0prhmfna6kebxb,audio-library-for-web,pop_up_archive,50889,
130606_PaulKnoll_800Heroes_MRH1501.mp3,800 Heroes,Paul Knoll,,https://themoth.box.com/s/9j8ww95nj8k6gumsej691s62ol0evs7l,audio-library-for-web,pop_up_archive,50891,
130619_AnthonyGriffith_TheMagician_MRH1512.mp3,The Magician,Anthony Griffith,,https://themoth.box.com/s/u0uuanbezx2bmuusxrc4mqdsvgky1308,audio-library-for-web,pop_up_archive,50892,
130619_ThomBeers_ShotThroughTheHeart_YoutubeAudio.mp3,Shot Through The Heart,Thom Beers,,https://themoth.box.com/s/w2p077691bas53jydy0m9vdt286v41f6,audio-library-for-web,pop_up_archive,50893,
130627_LilyBe_LasDonasOfHumboldtPark_MRH1414.mp3,Las Donas Of Humboldt Park,Lily Be,,https://themoth.box.com/s/xh7207hdlodf65aej6362x4ona407eip,audio-library-for-web,pop_up_archive,50894,
130710_ArthurBradford_TheQuestForChad_MRH1424.mp3,The Quest For Chad,Arthur Bradford,,https://themoth.box.com/s/7skez2b8fu5lgu0exzcbavssfornizlt,audio-library-for-web,pop_up_archive,50895,
130710_GrahamShelby_TheManOnTV_MRH1414.mp3,The Man On TV,Graham Shelby,,https://themoth.box.com/s/rau9r91f25nfkvcbwyikywwhxbwjyg7m,audio-library-for-web,pop_up_archive,50896,
130710_IsaiahOwens_Homegoings_MRH1418.mp3,Homegoings,Isaiah Owens,,https://themoth.box.com/s/03qp3eeirpfm3cfgizfxzmd48wgf8c,audio-library-for-web,pop_up_archive,50852,
130717_SteveZimmer_TheCaseOfThePencilCase_MRH1410.mp3,The Case Of The Pencil Case,Steve Zimmer,,https://themoth.box.com/s/4n7bpk7efbk3g7sy2024vnbauprxldbq,audio-library-for-web,pop_up_archive,50853,
130801_IjeomaOluo_TheExplorers_POD378.mp3,The Explorers,Ijeoma Oluo,,https://themoth.box.com/s/yeabt3ommcu83dt0vbl7nncx4e29cvrq,audio-library-for-web,pop_up_archive,50854,
130803_BillEville_TheStrangestPartOfAll_MRH1406.mp3,The Strangest Part Of All,Bill Eville,,https://themoth.box.com/s/xflv4xz9kl25dmyofdvuocafr9m3k57o,audio-library-for-web,pop_up_archive,50855,
130803_BuddyVanderhoop_DeadInTheWater_MRH1406.mp3,Dead In The Water,Buddy Vanderhoop,,https://themoth.box.com/s/nl3ngn9n1ckz19s6zqbcgk8rdxvu9r32,audio-library-for-web,pop_up_archive,50856,
130803_JennyAllen_ICantGetItOutOfMyMind_MRH1406.mp3,I Can't Get It Out Of My Mind,Jenny Allen,,https://themoth.box.com/s/er5o3dxu2w0f9ybljbrqud4nlatvwl83,audio-library-for-web,pop_up_archive,50857,
130805_KarenDuffin_SpeechwritersLament_MRH1409.mp3,Speechwriter's Lament,Karen Duffin,,https://themoth.box.com/s/vuq5y6y5kb2n0h4yk64p7i761f0kzoy9,audio-library-for-web,pop_up_archive,50858,
130822_MagdaSzubanski_ReclaimingFear_MRH1408.mp3,Reclaiming Fear,Magda Szubanski,,https://themoth.box.com/s/yjmx5bg7bigzkmmpvcfqk846qucon7s7,audio-library-for-web,pop_up_archive,50859,
130822_MelissaLucashenko_MyGrandmothersCountry_MRH1408.mp3,My Grandmother's Country,Melissa Lucashenko,,https://themoth.box.com/s/ddj3drb3p3ospxucsrn8x200vvntp8kg,audio-library-for-web,pop_up_archive,50860,
130902_LeahBenson_NoPuedoVivirSinTi_MRH1525_POD371.mp3,No Puedo Vivir Sin Te,Leah Benson,,https://themoth.box.com/s/wfdm1gmsyi6why90t86e9ct7mxyd1frx,audio-library-for-web,pop_up_archive,50861,
130906_KempPowers_WheredThatAppleGo_MRH1416.mp3,Where'd That Apple Go,Kemp Powers,,https://themoth.box.com/s/8i50y0ishdez4dyzleph54xkpnjhgikn,audio-library-for-web,pop_up_archive,50862,
130906_LynnFerguson_BeforeFergus_MRH1416.mp3,Before Fergus,Lynn Ferguson,,https://themoth.box.com/s/yls1z1rkdyh3l964bls3oizh8ue8iz8q,audio-library-for-web,pop_up_archive,50863,
130906_SimonDoonan_HollywoodCallingButNotReally_MRH1416.mp3,"Hollywood Calling, But Not Really",Simon Doonan,,https://themoth.box.com/s/5sgdub3zgvgt5ycwm4wmwr26yudlag4l,audio-library-for-web,pop_up_archive,50864,
130907_MarkRedmond_ThisChurch_MRH1422.mp3,This Church,Mark Redmond,,https://themoth.box.com/s/7ahm1rtbrmd40a1f90hpuosctu31dom0,audio-library-for-web,pop_up_archive,50865,
130910_CindyChupack_TheGet_MRH1413.mp3,The Get,Cindy Chupack,,https://themoth.box.com/s/lahgcecz4lmdfhjrx1zdi55stxr6ctjc,audio-library-for-web,pop_up_archive,50866,
130910_MelDockery_CannotTellALie_MRH1503.mp3,Cannot Tell A Lie,Mel Dockery,,https://themoth.box.com/s/uogpysrw7zpg82bwezrgj2v2n3uvdno5,audio-library-for-web,pop_up_archive,50867,
130910_WarrenHolleman_TheBriarPatch_MRH1602.mp3,The Briar Patch,Warren Holleman,,https://themoth.box.com/s/x46swo1rc4ggc0xbddbcaqwy58r2i8ft,audio-library-for-web,pop_up_archive,50868,
131003_AlexandraRosasSchultze_TheCandyBar_MRH1424.mp3,The Candy Bar,Alexandra Rosas Schultze,,https://themoth.box.com/s/htbvdtwbdmztyhjpd4k20ofvedv35ynp,audio-library-for-web,pop_up_archive,50869,
131004_DanaGoodyear_YouAreWhatYouEat_POD.mp3,You Are What You Eat,Dana Goodyear,,https://themoth.box.com/s/ed0tf353v1wfokbcwb7230biv4e5q2uq,audio-library-for-web,pop_up_archive,50870,
131017_MatthewDicks_MyFathersSon_MRH1411.mp3,My Father's Son,Matthew Dicks,,https://themoth.box.com/s/677h943cm00kcpaethmazvd7pinv3zke,audio-library-for-web,pop_up_archive,50871,
131017_NinaMitchell_TheGreatEscape_MRH1411.mp3,The Great Escape,Nina Mitchell,,https://themoth.box.com/s/rrkb1wix4cxic8si3uanin71etkxeyet,audio-library-for-web,pop_up_archive,50818,
131028_AdamSavage_TalkingToMyKidsAboutSexInTheInternetAge_MRH1417.mp3,Talking To My Kids About Sex In The Internet Age,Adam Savage,,https://themoth.box.com/s/aijkdxkc00y9xts0ogtlqefqr1h3gxni,audio-library-for-web,pop_up_archive,50820,
131028_AnnieKorzen_TheTooJewishWedding_MRH1513.mp3,The Too Jewish Wedding,Annie Korzen,,https://themoth.box.com/s/jjtij3ogiyuxfjxn8udmwd1hshy3xvup,audio-library-for-web,pop_up_archive,50821,
131028_GilReyes_KidneysAndCommitments_MRH1514.mp3,Kidneys And Commitments,Gil Reyes,,https://themoth.box.com/s/kjcwzmw7wegxp9ghodua8s3sd30wvok3,audio-library-for-web,pop_up_archive,50822,
131028_HollyHughes_TheDifficultTruthOfArt_POD.mp3,The Difficult Truth Of Art,Holly Hughes,,https://themoth.box.com/s/j9vafpscpg58l0gmes69qwxgzrfdrk10,audio-library-for-web,pop_up_archive,50835,
131106_CarlPillitteri_FogOfDisbelief_MRH1425.mp3,Fog Of Disbelief,Carl Pillitteri,,https://themoth.box.com/s/il6y759uen1m359vpt8m0e0sreseankh,audio-library-for-web,pop_up_archive,50836,
131106_JayMartel_HeadOfClay_MRH1424.mp3,Head Of Clay,Jay Martel,,https://themoth.box.com/s/0mlitfa1nabyrp7uad4wby4kcsyxev00,audio-library-for-web,pop_up_archive,50837,
131106_JessicaLeeWilliamson_APlaceToLive_MRH1419.mp3,A Place To Live,Jessica Lee Williamson,,https://themoth.box.com/s/pp1kqx9c85tky13cfy18h6vo1skcctb0,audio-library-for-web,pop_up_archive,,
131108_JillianLauren_FamilyRoots_MRH1425.mp3,Family Roots,Jillian Lauren,,https://themoth.box.com/s/mpvkt82008b5crgkzl5rcj975za275li,audio-library-for-web,pop_up_archive,50838,
131203_StephaniePeirolo_WalkingWithRJ_MRH1502.mp3,Walking With RJ,Stephanie Peirolo,,https://themoth.box.com/s/p3uo3qet5dyz00ztx6gfh6yj8pzsa7vb,audio-library-for-web,pop_up_archive,50840,
131204_MattDiffee_MusicalChairs_MRH1504.mp3,Musical Chairs,Matt Diffee,,https://themoth.box.com/s/svan2vxmhyjjcpjvbhfs6s8xpebz05wm,audio-library-for-web,pop_up_archive,50841,
131205_JamesBraly_FinallyWeAgree_POD325.mp3,Finally We Agree,James Braly,,https://themoth.box.com/s/u5v0ng94kbko87nw5bzhf5p37abfkaul,audio-library-for-web,pop_up_archive,50842,
131210_StevieLong_ALotOfNerve_POD376.mp3,A Lot Of Nerve,Stevie Long,,https://themoth.box.com/s/y8gizqyj1zb456a5n0n2rcv00pusdq9m,audio-library-for-web,pop_up_archive,50843,
131211_KevinMcGeehan_ItMattersAGreatDeal_MRH1507.mp3,It Matters A Great Deal,Kevin McGeehan,,https://themoth.box.com/s/bmalimhc518dplrxj8f2rvgb8iwjbyyh,audio-library-for-web,pop_up_archive,50844,
131212_EtgarKeret_MyFirstStory_MRH1425.mp3,My First Story,Etgar Keret,,https://themoth.box.com/s/8gxv5dwz9z4pbszudxplwcwtz7beszt7,audio-library-for-web,pop_up_archive,50845,
131216_AlfonsoLacayo_TheBadHaircut_POD343.mp3,The Bad Haircut,Alfonso Lacayo,,https://themoth.box.com/s/iehhdwhj6lcx3mvsigoy691al0rnlwq8,audio-library-for-web,pop_up_archive,50846,
140102_BillBernat_OreoRelapse_MRH1518.mp3,Oreo Relapse,Bill Bernat,,https://themoth.box.com/s/y4l0bdwcn9cgdwbvjld9ok0aerelwc65,audio-library-for-web,pop_up_archive,50847,
140114_CatherinePalmer_AToast_MRH1519.mp3,A Toast,Catherine Palmer,,https://themoth.box.com/s/zcyfdr5t73wca1f6ca7iz9qmmxe79u3w,audio-library-for-web,pop_up_archive,50848,
140124_DanSouza_UnderTheWires_MRH1514.mp3,Under The Wires,Dan Souza,,https://themoth.box.com/s/ws2ttoa115ggl720hspo6ro6o9zf3fvb,audio-library-for-web,pop_up_archive,50849,
140210_NicoleKear_ALittleMoreEveryDay_POD389.mp3,A Little More Every Day,Nicole Kear,,https://themoth.box.com/s/q7g6ukc5lpjftgwkaxwl9jx5qsn4y2xj,audio-library-for-web,pop_up_archive,50850,
140210_PeterSagal_KeepGoing_MRH1419.mp3,Keep Going,Peter Sagal,,https://themoth.box.com/s/em8jb36hluezk957ce8ubscjhqj3bd,audio-library-for-web,pop_up_archive,50795,
140210_TaraClancy_TheMoonAndTheStarsTalks_MRH1504.mp3,The Moon And The Stars Talks,Tara Clancy,,https://themoth.box.com/s/c3pz00k81tohsgrkdrprgxjx7j4ob93v,audio-library-for-web,pop_up_archive,50796,
140215_HoraceSanders_AboutYouAndMe_MRH1419.mp3,About You And Me,Horace Sanders,,https://themoth.box.com/s/ydx04njwxms1o6a7xxm4ikbroh9uzgsu,audio-library-for-web,pop_up_archive,50797,
140222_IjeomaOluo_DanceChampionsAndCharityCases_MRH1504.mp3,Dance Champions And Charity Cases,Ijeoma Oluo,,https://themoth.box.com/s/4yumaiokg7n7xkun7dhg1ycnv0vc43sl,audio-library-for-web,pop_up_archive,50798,
140222_JaniceJosephineCarney_BecomingMyMothersJosephine_MRH1421.mp3,Becoming My Mother's Josephine,Janice Josephine Carney,,https://themoth.box.com/s/dgcl2s03b7bimyczhl7psx66ungbrtqn,audio-library-for-web,pop_up_archive,50799,
140222_JeremyOrvik_MyMotherSue_MRH1502.mp3,My Mother Sue,Jeremy Orvik,,https://themoth.box.com/s/8cl92klw5fbcr9tc5j2ayp4a49taj1un,audio-library-for-web,pop_up_archive,50800,
140222_JimBennett_ChurchOfHamballs_MRH1421.mp3,Church Of Hamballs,Jim Bennett,,https://themoth.box.com/s/gore98b9lr5dqs49fhinh47s4rwkr3yn,audio-library-for-web,pop_up_archive,50801,
140222_StephanieSummerville_AnIndomitableSpirit_MRH1421.mp3,An Indomitable Spirit,Stephanie Summerville,,https://themoth.box.com/s/sq1cr8thytxflcoyhm67g8o5e74d4f11,audio-library-for-web,pop_up_archive,50802,
140224_MindyNettifee_HereWeAre_POD354.mp3,Here We Are,Mindy Nettifee,,https://themoth.box.com/s/uarozxc267g8vp9das9yxm3alws3mxd9,audio-library-for-web,pop_up_archive,50803,
140319_SaraBarron_ModernFamily_MRH1519.mp3,Modern Family,Sara Barron,,https://themoth.box.com/s/m7uwswv6hz5agoeh6cqx93gyyufk3m45,audio-library-for-web,pop_up_archive,50804,
140322_MikeScotti_ASortOfHomecoming_MRH1423.mp3,A Sort Of Homecoming,Mike Scotti,,https://themoth.box.com/s/jcja578n5neya3oqkr4z74y61qbhkf8y,audio-library-for-web,pop_up_archive,50806,
140405_DeborahFeldman_INeedToTalkAboutAnneFrank_POD337.mp3,I Need To Talk About Anne Frank,Deborah Feldman,,https://themoth.box.com/s/9dwyl50mdte0inwubzqw094xha0h0cer,audio-library-for-web,pop_up_archive,50807,
140407_JulianGoldhagen_TackleFootballBirthdayParty_MRH1512.mp3,Tackle Football Birthday Party,Julian Goldhagen,,https://themoth.box.com/s/18bt8lx2j3uazxnzf4tu2wc1rxqrndxa,audio-library-for-web,pop_up_archive,50808,
140411_BethanyVanDelft_LightAndHope_MRH1518.mp3,Light And Hope,Bethany Van Delft,,https://themoth.box.com/s/n2w0mlv4ydwnnm3jtvurd5vtro30r5rf,audio-library-for-web,pop_up_archive,50809,
140417_LynneeBreedlove_BirthOfTheHomobile_POD415.mp3,Birth Of The Homobile,Lynnee Breedlove,,https://themoth.box.com/s/c3qbre42de8vrffdxprwp3vjzo8dbymq,audio-library-for-web,pop_up_archive,50810,
140417_NatalieChanin_200OneOfAKindShirts_MRH1602.mp3,200 One Of A Kind Shirts,Natalie Chanin,,https://themoth.box.com/s/7m7czjfvslro3bnfbx41xjx23hphzbtx,audio-library-for-web,pop_up_archive,50811,
140528_TaylorNegron_CaliforniaGothic_MRH1422.mp3,California Gothic,Taylor Negron,,https://themoth.box.com/s/tgqx6qqlm5mva7bmu1j2urbwd1irpz5m,audio-library-for-web,pop_up_archive,50812,
140529_BillYosses_WhiteHousePastryChef_POD397.mp3,White House Pastry Chef,Bill Yosses,,https://themoth.box.com/s/zwju1iivkptbh3lfmbyyry0yqfbi9z6z,audio-library-for-web,pop_up_archive,50813,
140529_BrianHecht_PlanningForUncertainty_MRH1511.mp3,Planning For Uncertainty,Brian Hecht,,https://themoth.box.com/s/4136ytplgzylvm8svabq2haa9ihxjwwl,audio-library-for-web,pop_up_archive,50814,
140529_HannahMorris_CountingDownTheTides_MRH1511.mp3,Counting Down The Tides,Hannah Morris,,https://themoth.box.com/s/5e26tl4wjnza2x2p4e2v9kz1mxefl9xr,audio-library-for-web,pop_up_archive,50815,
140529_MaryClaireKing_WhoCanYouTrust_MRH1511.mp3,Who Can You Trust,Mary Claire King,,https://themoth.box.com/s/66pnwmbor6c5df5jrxhh70uep0,audio-library-for-web,pop_up_archive,50775,
140529_WendySuzuki_SayingILoveYou_MRH1511.mp3,Saying I Love You,Wendy Suzuki,,https://themoth.box.com/s/v4tl2z3wv04dbwehethqordseb8ebcim,audio-library-for-web,pop_up_archive,50776,
140605_CherylHamilton_SearchAndRescue_MRH1515.mp3,Search And Rescue,Cheryl Hamilton,,https://themoth.box.com/s/53js7drp93ktsqblypdwc2vvi45cwaaf,audio-library-for-web,pop_up_archive,50777,
140605_SamuelJames_Jenny_MRH1515.mp3,Jenny,Samuel James,,https://themoth.box.com/s/8k6fjhhys4mi6vyjqrek04pqzw7dezlm,audio-library-for-web,pop_up_archive,50778,
140607_ChristyKent_JustPastAnatolia_POD.mp3,Just Past Anatolia,Christy Kent,,https://themoth.box.com/s/f0vg00q1jy5kju5zoabn8y9ydp0ferxo,audio-library-for-web,pop_up_archive,,
140607_JenniferKohnhorst_TheGoddesOfSantaFe_MRH1509.mp3,The Goddes Of Santa Fe,Jennifer Kohnhorst,,https://themoth.box.com/s/62wymxslx2224ezfw7rmbantchnmqndp,audio-library-for-web,pop_up_archive,,
140609_WilsonPortorreal_Victorious_MRH1520.mp3,Victorious,Wilson Portorreal,,https://themoth.box.com/s/smwd8li1x4lswbaa4100ullr3be4edwd,audio-library-for-web,pop_up_archive,50780,
140610_MonaSimpson_TheRubberStamp_POD.mp3,The Rubber Stamp,Mona Simpson,,https://themoth.box.com/s/9vtw6r630ds2xg6z815c4q5hyw471ul3,audio-library-for-web,pop_up_archive,50781,
140701_HariKondabolu_NotTooSensitiveJustSensitive_MRH1513.mp3,Not Too Sensitive Just Sensitive,Hari Kondabolu,,https://themoth.box.com/s/5gvanv301dgvs6pywb3lftzrvhu92xrj,audio-library-for-web,pop_up_archive,50782,
140709_MarieHershkowitz_TheMiracleMets_POD403.mp3,The Miracle Mets,Marie Hershkowitz,,https://themoth.box.com/s/jj3yxx8wwk1pgjdtnqlzekrzqvq38ni0,audio-library-for-web,pop_up_archive,50784,
140718_AdamGopnik_TheMissingPants_MRH1517.mp3,The Missing Pants,Adam Gopnik,,https://themoth.box.com/s/ignv0thk3p0j9h8t9dftt9l9hwl6i6dg,audio-library-for-web,pop_up_archive,50785,
140718_TedConover_FiresOfTheNewYear_MRH1522.mp3,Fires Of The New Year,Ted Conover,,https://themoth.box.com/s/qg8apie0troohd6p5rio78kqpj2e74il,audio-library-for-web,pop_up_archive,50786,
140818_BobbyStoddard_Flight_MRH1509.mp3,Flight,Bobby Stoddard,,https://themoth.box.com/s/me0ooc9p4tle2q75v51m84q0ljl1aak6,audio-library-for-web,pop_up_archive,50787,
140818_MattMercier_PoeAndI_MRH1509.mp3,Poe And I,Matt Mercier,,https://themoth.box.com/s/utxonlv0yppnb1s4azm8797eg9a83z4f,audio-library-for-web,pop_up_archive,50788,
140819_BreedaMiller_TicketToHeaven_MRH1518.mp3,Ticket To Heaven,Breeda Miller,,https://themoth.box.com/s/q2w8s8m0si3dd4s8m5lsy1ojtbtjkn18,audio-library-for-web,pop_up_archive,50789,
140826_AnnaliseRaziq_TheBrusselsSprouts_MRH1516.mp3,The Brussels Sprouts,Annalise Raziq,,https://themoth.box.com/s/b9j9z4wxnroskma2l286heuoroxraz5j,audio-library-for-web,pop_up_archive,50790,
140828_AndrewSolomon_AtTheBarricade_MRH1517.mp3,At The Barricade,Andrew Solomon,,https://themoth.box.com/s/ltvvksuujpln0w9zzoi6boyqsgh80rdx,audio-library-for-web,pop_up_archive,50791,
140828_GeorgeDawesGreen_ComingOfAgeInAMausoleum_MRH1602.mp3,Coming Of Age In A Mausoleum,George Dawes Green,,https://themoth.box.com/s/1o5083icx9xau0xvbr2n6aemcaug620h,audio-library-for-web,pop_up_archive,50792,
140828_NeilGaiman_Jump_MRH1603.mp3,Jump,Neil Gaiman,,https://themoth.box.com/s/jbpoxveb0pean7hyvkyf2xv1u528uvqw,audio-library-for-web,pop_up_archive,50793,
140901_BisiAlimi_MyFriendIbrahim_MRH1603_POD419.mp3,My Friend Ibrahim,Bisi Alimi,,https://themoth.box.com/s/rhcwi8cqzknx324338wmkoi59md0bedx,audio-library-for-web,pop_up_archive,50794,
140905_ColmORegan_TheBoundsOfComedy_MRH1506.mp3,The Bounds Of Comedy,Colm O'Regan,,https://themoth.box.com/s/xyyyoqem9lamvmn2iiqz5fhdv6bs7jrg,audio-library-for-web,pop_up_archive,50741,
140905_DarylMcCormack_IGrewUpHere_MRH1506.mp3,I Grew Up Here,Daryl McCormack,,https://themoth.box.com/s/mk73e3cu4417nzicqpuna0fuv8u29cqu,audio-library-for-web,pop_up_archive,50742,
140905_KarenGearon_TheDunnesStoreStrikers_MRH1506.mp3,The Dunnes Store Strikers,Karen Gearon,,https://themoth.box.com/s/tgrj4lvnedkaqbdyf3op7x2ihsmdnk26,audio-library-for-web,pop_up_archive,50743,
140905_PeterPringle_AsIfIWasNotThere_MRH1506.mp3,As If I Was Not There,Peter Pringle,,https://themoth.box.com/s/gc38a3uk30tdy8u3bvb37hk50e32ymb8,audio-library-for-web,pop_up_archive,50744,
140919_MaileMeloy_ScreamingMemmies_MRH1515.mp3,Screaming Memmies,Maile Meloy,,https://themoth.box.com/s/lezvcfimqh4z8121m0fv3q2g9mstktti,audio-library-for-web,pop_up_archive,50745,
140919_MegWolitzer_SummerCamp_MRH1517.mp3,Summer Camp,Meg Wolitzer,,https://themoth.box.com/s/sv4qrf2t9xvd25w7monev2nnqwjafeg3,audio-library-for-web,pop_up_archive,50746,
140923_DuffMcKagan_WhatWeLiveFor_MRH1510.mp3,What We Live For,Duff McKagan,,https://themoth.box.com/s/mv59jc0z68a41gr6ti274hbiip7n5pgl,audio-library-for-web,pop_up_archive,50747,
141009_DawnSeymour_TheBoundlessSky_MRH1423.mp3,The Boundless Sky,Dawn Seymour,,https://themoth.box.com/s/u0kfcql32pvlwov8df1s9whb2x6lpve2,audio-library-for-web,pop_up_archive,50748,
141009_WilliamCole_The93rd_MRH1423.mp3,The 93rd,William Cole,,https://themoth.box.com/s/3wuzi9hvywxigsg2keu6iiut24iogvap,audio-library-for-web,pop_up_archive,50749,
141016_TriciaRoseBurt_TriciaBall_MRH1522.mp3,Tricia Ball,Tricia Rose Burt,,https://themoth.box.com/s/yhi1q5by5bhapzirnhks52lgzbhek7sb,audio-library-for-web,pop_up_archive,50750,
141023_KarenDuffin_TheBox_MRH1514.mp3,The Box,Karen Duffin,,https://themoth.box.com/s/2g8zfxzbpfdjj95gwjz4y68ro5oj793v,audio-library-for-web,pop_up_archive,50751,
141107_PamFlowers_AloneAcrossTheAtlantic_MRH1510.mp3,Alone Across The Atlantic,Pam Flowers,,https://themoth.box.com/s/63bq6ogcdvtinyma54fekuizr0zarlmk,audio-library-for-web,pop_up_archive,50752,
141111_JamesKassaga_DreamsOfAYoungCowHerder_MRH1508.mp3,Dreams Of A Young Cow Herder,James Kassaga,,https://themoth.box.com/s/5ncanjnfdu1j3qa3ueju10m7xfvpq788,audio-library-for-web,pop_up_archive,50753,
141111_JensiSartin_TheFishBank_MRH1508.mp3,The Fish Bank,Jensi Sartin,,https://themoth.box.com/s/f0b8w9hwshwskd8hxp0sjs9yxla12g9u,audio-library-for-web,pop_up_archive,50754,
141111_LindiweMajeleSibanda_GrandmaMahembesFarm_MRH1508.mp3,Grandma Mahembes Farm,Lindiwe Majele Sibanda,,https://themoth.box.com/s/4k0tqh01wqf92oqr03l1g64a135n9hfs,audio-library-for-web,pop_up_archive,50755,
141111_SisonkeMsimang_APragmaticIdealist_MRH1508.mp3,A Pragmatic Idealist,Sisonke Msimang,,https://themoth.box.com/s/534s3gx20al0ltaqw8us8svpczmr7jw2,audio-library-for-web,pop_up_archive,50756,
141112_DoriSamadzaiBonner_ANewHome_MRH1516.mp3,A New Home,Dori Samadzai Bonner,,https://themoth.box.com/s/nq5hfw7ntdaisxet76m49t4aczp0itgt,audio-library-for-web,pop_up_archive,50757,
141117_AnneDriscoll_TheBestMugging_POD.mp3,The Best Mugging,Anne Driscoll,,https://themoth.box.com/s/wtpgwf70juhw8fdxzmk0108vx93su6nm,audio-library-for-web,pop_up_archive,50758,
141202_SarahBunger_AboutYourMother_MRH1514.mp3,About Your Mother,Sarah Bunger,,https://themoth.box.com/s/366b3lgvx07v6s0wyw4x6qr15goitaby,audio-library-for-web,pop_up_archive,50759,
141209_KateTellers_ButAlsoBringCheese_MRH1512.mp3,But Also Bring Cheese,Kate Tellers,,https://themoth.box.com/s/6vap3znoxxqfoclo6ms2gd0rcsrowwtc,audio-library-for-web,pop_up_archive,50760,
150206_MosheShulman_ThenYouWillKnow_MRH1510.mp3,Then You Will Know,Moshe Shulman,,https://themoth.box.com/s/sz5c7h81g6o0zxrg965e9vq1zmfszbsq,audio-library-for-web,pop_up_archive,50719,
150211_PilarSimon_11pmMass_POD392.mp3,11pm Mass,Pilar Simon,,https://themoth.box.com/s/kggmu6rtboax4vq22mrixrj8e5cg4lr8,audio-library-for-web,pop_up_archive,50720,
150310_MatthewDicks_ARoofOverYourHead_MRH1517.mp3,A Roof Over Your Head,Matthew Dicks,,https://themoth.box.com/s/v7kzvciwzmirc73m91a16uhpnsx5qdf1,audio-library-for-web,pop_up_archive,50721,
150312_FalenJohnson_InvisibleToronto_MRH1519.mp3,Invisible Toronto,Falen Johnson,,https://themoth.box.com/s/cmcv3ka1etsfhag5biqvpck58tve2ggi,audio-library-for-web,pop_up_archive,50722,
150321_JimmyTingle_TheImpossibleDream_MRH1523.mp3,The Impossible Dream,Jimmy Tingle,,https://themoth.box.com/s/fndqk0fo8hzqjgicppsxjz7w7gpr6bv8,audio-library-for-web,pop_up_archive,50724,
150321_JoshBond_CallMeCharlie_MRH1518.mp3,Call Me Charlie,Josh Bond,,https://themoth.box.com/s/hvgipd8l8fag91nu2qi9ezlbmhvcmwfm,audio-library-for-web,pop_up_archive,50725,
150407_ChristineKalafus_IveHeardYouMakeCakes_POD.mp3,I've Heard You Make Cakes,Christine Kalafus,,https://themoth.box.com/s/8cslucw6xs0p0ffgnh1824y8td0j129o,audio-library-for-web,pop_up_archive,50726,
150407_NeshamaFranklin_GrandCanyon_MRH1609.mp3,Grand Canyon,Neshama Franklin,,https://themoth.box.com/s/olnb22r1qrsa61t5uxsksgucltxfacou,audio-library-for-web,pop_up_archive,50727,
150409_ChristianMcBride_MrSoulOnTop_MRH1521.mp3,Mr Soul On Top,Christian McBride,,https://themoth.box.com/s/7669gopgrjbgjztu3acmeesd6ws2x1lj,audio-library-for-web,pop_up_archive,50729,
150409_MaryLouPiland_ListenToYourHeart_MRH1521.mp3,Listen To Your Heart,Mary Lou Piland,,https://themoth.box.com/s/n6x7l59fi4q9cc48os43x5f2hnrcajwu,audio-library-for-web,pop_up_archive,50730,
150409_SteveOsborne_TheOldNeighborhood_MRH1521.mp3,The Old Neighborhood,Steve Osborne,,https://themoth.box.com/s/p49ip1xcw5e11557ebh4p0f7zwmrqanh,audio-library-for-web,pop_up_archive,50731,
150428_GretchenWaschke_HoldingYourBreath_MRH1523.mp3,Holding Your Breath,Gretchen Waschke,,https://themoth.box.com/s/3ebuh3rcbwngeq3kgis2s2npsq33v0fe,audio-library-for-web,pop_up_archive,50732,
150428_JasonSchmidt_SitTightKid_MRH1523.mp3,Sit Tight Kid,Jason Schmidt,,https://themoth.box.com/s/buzww4h3a0l402wwrcopwmkoelvp8v7c,audio-library-for-web,pop_up_archive,50733,
150428_LaunaLea_PlayingParts_MRH1523.mp3,Playing Parts,Launa Lea,,https://themoth.box.com/s/e16j3e3zxh88ubdc1b2bh2vupvptstgt,audio-library-for-web,pop_up_archive,50734,
150506_IshmaelBeah_UnusualNormality_MRH1520.mp3,Unusual Normality,Ishmael Beah,,https://themoth.box.com/s/bf2gwlmthu5fkqette0dvoydtg5dbitc,audio-library-for-web,pop_up_archive,50735,
150507_JenLee_TheConversation_POD350.mp3,The Conversation,Jen Lee,,https://themoth.box.com/s/xqzr4earumtydrfii0oec7lvshuit3dl,audio-library-for-web,pop_up_archive,50736,
150530_KateBraestrup_TheHouseOfMourning_POD392.mp3,The House Of Mourning,Kate Braestrup,,https://themoth.box.com/s/96x4s7hnaawdkdas86jryifkt8xvephe,audio-library-for-web,pop_up_archive,50737,
150621_TimManley_TeacherTalentShow_MRH1609.mp3,Teacher Talent Show,Tim Manley,,https://themoth.box.com/s/du8su3c0c320ghpltf20npwp95fiauda,audio-library-for-web,pop_up_archive,50738,
150624_JoshuaWolfShenk_YouCanComeBack_MRH1611.mp3,You Can Come Back,Joshua Wolf Shenk,,https://themoth.box.com/s/3ysnjncm3eh4xdyfd4c2x6dvt37h0phj,audio-library-for-web,pop_up_archive,50739,
150624_MarisBlechner_TheValueOfWords_MRH1611.mp3,The Value Of Words,Maris Blechner,,https://themoth.box.com/s/ntacxpgjsmg2il0bhnkjj8hlk9lupsai,audio-library-for-web,pop_up_archive,50740,
150624_NadiaBolzWeber_PanicOnTheRoadToJericho_MRH1611.mp3,Panic On The Road To Jericho,Nadia Bolz Weber,,https://themoth.box.com/s/bd4v40ir12yj1n6q89lgh2ohlbv7uzyn,audio-library-for-web,pop_up_archive,50715,
150715_JeffSimmermon_EmpatheticSubwayScreaming_MRH1609.mp3,Empathetic Subway Screaming,Jeff Simmermon,,https://themoth.box.com/s/d893ojsnav9bzmi37nr3w4cemjrwtoun,audio-library-for-web,pop_up_archive,50714,
150812_SofijaStefanovic_WarAndPeaceAndHumping_MRH1609.mp3,War And Peace And Humping,Sofija Stefanovic,,https://themoth.box.com/s/rglkaj7zuqslcowwzw2zjuq4hgbk52ob,audio-library-for-web,pop_up_archive,50713,
151007_MattDay_FangsForTheMemories_MRH1603.mp3,Fangs For The Memories,Matt Day,,https://themoth.box.com/s/4c2zz1yjcg11sj3o8e31m30d53urw5xo,audio-library-for-web,pop_up_archive,50712,
151009_ColinRyan_JugglingAndJesus_MRH1609.mp3,Juggling And Jesus,Colin Ryan,,https://themoth.box.com/s/74gtw1yxlri1kf14nssq5f46jxtg8b4a,audio-library-for-web,pop_up_archive,50711,
151027_SuzanneBarakat_DeahYasurAndRazan_MRH1609.mp3,Deah Yasur And Razan,Suzanne Barakat,,https://themoth.box.com/s/yjqxwsf3s59jb70c64oekxlz0zqvltbg,audio-library-for-web,pop_up_archive,50710,
151109_ChristinaLamb_WarAndHamSandwiches_MRH1603.mp3,War And Ham Sandwiches,Christina Lamb,,https://themoth.box.com/s/mz40w2wew6a6zzwfy1lt8sxgs9qzsv7f,audio-library-for-web,pop_up_archive,50707,
980926_JerryStahl_KickingTheHorse_POD.mp3,Kicking The Horse,Jerry Stahl,,https://themoth.box.com/s/fbjr906xejzbqobrzwahh6kkmillssxc,audio-library-for-web,pop_up_archive,50709,
990419_VincentPatrick_TheNegativeThinker_MRH1413.mp3,The Negative Thinker,Vincent Patrick,,https://themoth.box.com/s/4ybcg86ot9ah266fbzztvts49yrnrq5w,audio-library-for-web,pop_up_archive,50705,
991010_LewisLapham_RookieReporter_MRH1210.mp3,Rookie Reporter,Lewis Lapham,,https://themoth.box.com/s/0k0j3h7ytcx6j2yjvnbd4itdjv9rr2v4,audio-library-for-web,pop_up_archive,50704,